{"count":1,"self":4957.0402304,"total":25713.8855779,"children":{"InitializeActuators":{"count":16,"self":0.0005042,"total":0.0005042,"children":null},"InitializeSensors":{"count":16,"self":0.0010006,"total":0.0010006,"children":null},"AgentSendState":{"count":12176868,"self":723.8066176,"total":973.05893029999993,"children":{"CollectObservations":{"count":38967888,"self":22.203039999999998,"total":22.203040299999998,"children":null},"WriteActionMask":{"count":38967888,"self":4.6339967999999994,"total":4.6339967999999994,"children":null},"RequestDecision":{"count":38967888,"self":32.4508352,"total":222.415295,"children":{"AgentInfo.ToProto":{"count":38967888,"self":24.0028304,"total":189.9644593,"children":{"GenerateSensorData":{"count":38967888,"self":131.588288,"total":165.9616283,"children":{"RayPerceptionSensor.Perceive":{"count":38967888,"self":34.373343999999996,"total":34.3733426,"children":null}}}}}}}}},"DecideAction":{"count":12176868,"self":18970.9828096,"total":18970.983251499998,"children":null},"AgentAct":{"count":12176868,"self":811.15694079999992,"total":811.15696329999992,"children":null},"AgentInfo.ToProto":{"count":245585,"self":0.2494074,"total":1.6448994,"children":{"GenerateSensorData":{"count":245585,"self":1.1190685999999999,"total":1.395492,"children":{"RayPerceptionSensor.Perceive":{"count":245585,"self":0.2764234,"total":0.2764234,"children":null}}}}}},"gauges":{"Hider.CumulativeReward":{"count":123082,"max":1,"min":-2,"runningAverage":-0.8163412,"value":-1,"weightedAverage":-0.930439055},"Seeker.CumulativeReward":{"count":122503,"max":3.99866676,"min":-1,"runningAverage":1.63798392,"value":0,"weightedAverage":1.58639753}},"metadata":{"timer_format_version":"0.1.0","start_time_seconds":"1770338113","unity_version":"2022.3.11f1","command_line_arguments":"C:\\Program Files\\Unity\\Hub\\Editor\\2022.3.11f1\\Editor\\Unity.exe -projectpath C:\\Users\\Lyu\\.gemini\\antigravity\\scratch\\hideNSeek\\hideNseek -acceptSoftwareTermsForThisRunOnly -useHub -hubIPC -cloudEnvironment production -licensingIpc LicenseClient-Lyu -hubSessionId 7162b004-6b05-4388-accd-3dca09a8c866 -accessToken QdBgR_Je7X0u2MdAFI5Pobxg34DngHVjfTPtMFuPFdc00df","communication_protocol_version":"1.5.0","com.unity.ml-agents_version":"2.0.2","scene_name":"SampleScene","end_time_seconds":"1770363827"}}